timestamp,run_type,run_id,mode,wall_s,user_s,sys_s,cpu_pct,vol_ctx,invol_ctx,maj_flt,min_flt,max_rss_kb
1790531574,warmup,1,cache,0.16,0.05,0.10,98%,1,1,0,227,2236
1790531574,warmup,1,nocache,28.56,0.22,1.64,6%,307030,9,0,232,2304
1790531603,test,1,cache,0.16,0.04,0.12,98%,1,1,0,229,2240
1790531603,test,1,nocache,28.31,0.24,1.62,6%,307029,10,0,232,2176
1790531631,test,2,cache,0.16,0.02,0.13,98%,1,1,0,227,2240
1790531632,test,2,nocache,28.26,0.22,1.63,6%,307029,6,0,230,2236
1790531660,test,3,cache,0.16,0.04,0.11,99%,1,1,0,229,2240
1790531660,test,3,nocache,28.39,0.22,1.63,6%,307028,12,0,232,2176
1790531688,test,4,cache,0.15,0.03,0.11,98%,1,3,0,228,2176
1790531689,test,4,nocache,28.44,0.21,1.64,6%,307029,13,0,232,2240
1790531717,test,5,cache,0.16,0.04,0.11,98%,1,1,0,229,2176
1790531717,test,5,nocache,28.28,0.23,1.60,6%,307028,9,0,231,2240
1790531746,test,6,cache,0.16,0.03,0.13,100%,1,1,0,231,2240
1790531746,test,6,nocache,28.43,0.24,1.60,6%,307031,10,0,231,2240
1790531774,test,7,cache,0.16,0.04,0.12,99%,1,1,0,226,2240
1790531774,test,7,nocache,28.39,0.24,1.60,6%,307029,7,0,236,2240
1790531803,test,8,cache,0.16,0.03,0.12,98%,1,1,0,230,2240
1790531803,test,8,nocache,28.40,0.20,1.66,6%,307029,13,0,232,2240
1790531831,test,9,cache,0.16,0.03,0.12,99%,1,1,0,227,2240
1790531831,test,9,nocache,28.25,0.20,1.64,6%,307029,16,0,229,2240
1790531860,test,10,cache,0.16,0.03,0.13,100%,1,1,0,232,2224
1790531860,test,10,nocache,28.48,0.22,1.64,6%,307031,8,0,231,2176
1790531888,test,11,cache,0.16,0.03,0.13,98%,1,2,0,226,2240
1790531889,test,11,nocache,28.41,0.24,1.64,6%,307033,5,0,236,2240
1790531917,test,12,cache,0.16,0.03,0.13,99%,1,1,0,230,2240
1790531917,test,12,nocache,28.88,0.22,1.64,6%,307033,10,0,231,2240
1790531946,test,13,cache,0.16,0.03,0.13,99%,1,1,0,228,2240
1790531946,test,13,nocache,28.47,0.22,1.63,6%,307029,11,0,231,2240
1790531975,test,14,cache,0.16,0.02,0.13,98%,1,1,0,227,2240
1790531975,test,14,nocache,28.44,0.19,1.66,6%,307028,13,0,234,2240
1790532003,test,15,cache,0.16,0.02,0.12,98%,1,1,0,228,2240
1790532004,test,15,nocache,28.27,0.21,1.62,6%,307028,10,0,232,2240
1790532032,test,16,cache,0.16,0.04,0.11,98%,1,1,0,228,2176
1790532032,test,16,nocache,28.45,0.19,1.65,6%,307028,5,0,230,2176
1790532060,test,17,cache,0.16,0.04,0.12,99%,1,2,0,228,2240
1790532061,test,17,nocache,28.36,0.20,1.65,6%,307029,11,0,232,2240
1790532089,test,18,cache,0.16,0.02,0.13,99%,1,1,0,228,2240
1790532089,test,18,nocache,28.43,0.20,1.65,6%,307032,18,0,234,2240
1790532118,test,19,cache,0.15,0.03,0.11,98%,1,1,0,229,2240
1790532118,test,19,nocache,28.43,0.22,1.63,6%,307034,8,0,232,2176
1790532146,test,20,cache,0.16,0.01,0.14,99%,1,4,0,229,2100
1790532146,test,20,nocache,28.47,0.22,1.64,6%,307029,9,0,232,2176
1790532175,test,21,cache,0.16,0.03,0.12,100%,1,1,0,229,2176
1790532175,test,21,nocache,28.42,0.22,1.63,6%,307033,16,0,232,2240
1790532203,test,22,cache,0.16,0.04,0.12,98%,1,1,0,226,2236
1790532204,test,22,nocache,28.33,0.20,1.65,6%,307029,13,0,230,2240
1790532232,test,23,cache,0.15,0.04,0.11,99%,1,1,0,227,2240
1790532232,test,23,nocache,28.47,0.19,1.65,6%,307030,9,0,233,2176
1790532261,test,24,cache,0.16,0.03,0.12,98%,1,1,0,228,2236
1790532261,test,24,nocache,28.44,0.22,1.62,6%,307031,11,0,231,2240
1790532289,test,25,cache,0.16,0.04,0.12,99%,1,1,0,228,2240
1790532289,test,25,nocache,28.85,0.23,1.63,6%,307033,10,0,235,2240
1790532318,test,26,cache,0.16,0.04,0.12,99%,1,1,0,229,2240
1790532318,test,26,nocache,28.44,0.16,1.70,6%,307031,9,0,230,2240
1790532347,test,27,cache,0.16,0.03,0.12,98%,1,1,0,226,2176
1790532347,test,27,nocache,28.32,0.23,1.61,6%,307031,12,0,231,2176
1790532375,test,28,cache,0.16,0.03,0.12,99%,1,1,0,230,2240
1790532376,test,28,nocache,28.27,0.22,1.62,6%,307029,9,0,230,2240
1790532404,test,29,cache,0.16,0.03,0.13,98%,1,1,0,230,2240
1790532404,test,29,nocache,28.38,0.24,1.60,6%,307029,9,0,231,2240
1790532432,test,30,cache,0.16,0.03,0.13,99%,1,2,0,227,2240
1790532433,test,30,nocache,28.48,0.21,1.64,6%,307031,9,0,233,2240
1790532461,test,31,cache,0.16,0.04,0.12,99%,1,1,0,227,2240
1790532461,test,31,nocache,28.49,0.24,1.63,6%,307031,13,0,233,2236
1790532490,test,32,cache,0.16,0.04,0.11,99%,1,1,0,229,2236
1790532490,test,32,nocache,28.38,0.23,1.62,6%,307030,15,0,231,2184
1790532518,test,33,cache,0.15,0.03,0.12,99%,1,1,0,231,2240
1790532518,test,33,nocache,28.45,0.20,1.63,6%,307029,8,0,229,2176
1790532547,test,34,cache,0.16,0.04,0.12,99%,1,1,0,228,2240
1790532547,test,34,nocache,28.38,0.21,1.64,6%,307028,14,0,230,2176
1790532576,test,35,cache,0.16,0.04,0.11,98%,1,1,0,231,2240
1790532576,test,35,nocache,28.35,0.20,1.64,6%,307029,8,0,231,2240
1790532604,test,36,cache,0.17,0.03,0.13,98%,1,1,0,228,2176
1790532604,test,36,nocache,28.26,0.19,1.65,6%,307029,9,0,233,2176
1790532632,test,37,cache,0.16,0.03,0.12,98%,1,2,0,228,2236
1790532633,test,37,nocache,28.39,0.26,1.58,6%,307029,5,0,230,2240
1790532661,test,38,cache,0.16,0.03,0.13,98%,1,1,0,229,2240
1790532661,test,38,nocache,28.45,0.24,1.61,6%,307028,10,0,232,2176
1790532690,test,39,cache,0.16,0.03,0.12,99%,1,1,0,230,2240
1790532690,test,39,nocache,28.83,0.22,1.62,6%,307028,17,0,230,2240
1790532719,test,40,cache,0.16,0.04,0.12,98%,1,1,0,228,2240
1790532719,test,40,nocache,28.45,0.21,1.64,6%,307032,9,0,229,2240
1790532747,test,41,cache,0.16,0.03,0.12,98%,1,2,0,229,2240
1790532748,test,41,nocache,28.35,0.24,1.61,6%,307029,13,0,228,2176
1790532776,test,42,cache,0.16,0.04,0.12,98%,1,1,0,227,2240
1790532776,test,42,nocache,28.27,0.22,1.62,6%,307030,6,0,232,2240
1790532804,test,43,cache,0.16,0.03,0.12,98%,1,1,0,227,2240
1790532804,test,43,nocache,28.44,0.23,1.61,6%,307032,8,0,235,2240
1790532833,test,44,cache,0.16,0.04,0.12,99%,1,1,0,229,2240
1790532833,test,44,nocache,28.46,0.22,1.62,6%,307030,7,0,232,2240
1790532862,test,45,cache,0.16,0.03,0.13,98%,1,1,0,231,2240
1790532862,test,45,nocache,28.39,0.23,1.62,6%,307029,8,0,233,2240
1790532890,test,46,cache,0.16,0.03,0.12,100%,1,1,0,231,2240
1790532890,test,46,nocache,28.47,0.22,1.62,6%,307031,6,0,234,2240
1790532919,test,47,cache,0.16,0.04,0.11,98%,1,1,0,230,2240
1790532919,test,47,nocache,28.45,0.23,1.61,6%,307033,5,0,232,2240
1790532947,test,48,cache,0.16,0.04,0.12,98%,1,1,0,231,2240
1790532948,test,48,nocache,28.30,0.23,1.61,6%,307028,17,0,234,2240
1790532976,test,49,cache,0.16,0.03,0.12,98%,1,1,0,231,2240
1790532976,test,49,nocache,28.27,0.23,1.60,6%,307031,12,0,231,2176
1790533004,test,50,cache,0.16,0.03,0.12,98%,1,1,0,229,2240
1790533005,test,50,nocache,28.46,0.22,1.62,6%,307030,10,0,231,2240
1790533033,test,51,cache,0.16,0.04,0.11,98%,1,1,0,229,2240
1790533033,test,51,nocache,28.40,0.24,1.60,6%,307029,13,0,229,2176
1790533062,test,52,cache,0.16,0.03,0.13,100%,1,1,0,229,2240
1790533062,test,52,nocache,28.85,0.18,1.68,6%,307031,21,0,233,2240
1790533091,test,53,cache,0.16,0.03,0.12,98%,1,1,0,229,2240
1790533091,test,53,nocache,28.42,0.21,1.65,6%,307032,18,0,232,2240
1790533119,test,54,cache,0.16,0.03,0.13,98%,1,1,0,228,2236
1790533119,test,54,nocache,28.32,0.24,1.62,6%,307029,11,0,234,2240
1790533148,test,55,cache,0.16,0.04,0.11,99%,1,1,0,231,2240
1790533148,test,55,nocache,28.20,0.23,1.61,6%,307029,10,0,231,2236
1790533176,test,56,cache,0.16,0.02,0.13,99%,1,1,0,230,2240
1790533176,test,56,nocache,28.20,0.22,1.61,6%,307028,17,0,231,2176
1790533205,test,57,cache,0.16,0.03,0.12,98%,1,2,0,227,2240
1790533205,test,57,nocache,28.38,0.20,1.64,6%,307029,12,0,233,2240
1790533233,test,58,cache,0.16,0.04,0.12,98%,1,1,0,229,2240
1790533233,test,58,nocache,28.39,0.24,1.60,6%,307029,13,0,232,2240
1790533262,test,59,cache,0.16,0.03,0.12,98%,1,1,0,230,2240
1790533262,test,59,nocache,28.37,0.22,1.62,6%,307028,8,0,228,2176
1790533290,test,60,cache,0.16,0.03,0.12,100%,1,1,0,227,2240
1790533290,test,60,nocache,28.43,0.19,1.65,6%,307028,9,0,234,2236
1790533319,test,61,cache,0.16,0.03,0.13,98%,1,1,0,229,2240
1790533319,test,61,nocache,28.47,0.22,1.65,6%,307031,22,0,231,2176
1790533347,test,62,cache,0.16,0.04,0.11,99%,1,1,0,232,2240
1790533348,test,62,nocache,28.45,0.22,1.63,6%,307032,7,0,233,2240
1790533376,test,63,cache,0.16,0.03,0.13,100%,1,1,0,229,2232
1790533376,test,63,nocache,28.26,0.20,1.65,6%,307033,9,0,233,2240
1790533405,test,64,cache,0.16,0.03,0.12,98%,1,2,0,227,2240
1790533405,test,64,nocache,28.37,0.22,1.61,6%,307031,4,0,232,2176
1790533433,test,65,cache,0.16,0.03,0.13,98%,1,1,0,230,2240
1790533433,test,65,nocache,28.45,0.22,1.63,6%,307029,13,0,229,2240
1790533462,test,66,cache,0.16,0.03,0.13,99%,1,1,0,226,2236
1790533462,test,66,nocache,28.84,0.24,1.63,6%,307031,19,0,230,2176
1790533491,test,67,cache,0.16,0.03,0.12,99%,1,1,0,228,2240
1790533491,test,67,nocache,28.43,0.20,1.65,6%,307028,6,0,232,2176
1790533519,test,68,cache,0.16,0.04,0.11,98%,1,1,0,229,2240
1790533520,test,68,nocache,28.30,0.23,1.61,6%,307028,6,0,232,2240
1790533548,test,69,cache,0.16,0.03,0.12,98%,1,1,0,228,2240
1790533548,test,69,nocache,28.23,0.21,1.63,6%,307029,10,0,231,2176
1790533576,test,70,cache,0.16,0.02,0.13,98%,1,1,0,229,2240
1790533576,test,70,nocache,28.61,0.21,1.64,6%,307029,15,0,233,2240
1790533605,test,71,cache,0.16,0.03,0.12,98%,1,1,0,229,2176
1790533605,test,71,nocache,28.43,0.24,1.62,6%,307029,12,0,231,2236
1790533634,test,72,cache,0.16,0.03,0.12,99%,1,1,0,227,2240
1790533634,test,72,nocache,28.45,0.27,1.57,6%,307029,6,0,232,2240
1790533662,test,73,cache,0.16,0.03,0.12,100%,1,1,0,231,2240
1790533662,test,73,nocache,28.83,0.23,1.61,6%,307030,11,0,231,2240
1790533691,test,74,cache,0.15,0.02,0.12,98%,1,1,0,231,2240
1790533691,test,74,nocache,28.30,0.22,1.63,6%,307032,13,0,234,2240
1790533720,test,75,cache,0.16,0.03,0.12,98%,1,1,0,228,2176
1790533720,test,75,nocache,28.35,0.26,1.60,6%,307029,8,0,231,2240
1790533748,test,76,cache,0.16,0.03,0.12,98%,1,3,0,228,2168
1790533748,test,76,nocache,28.27,0.21,1.65,6%,307030,6,0,230,2240
1790533777,test,77,cache,0.16,0.03,0.12,98%,1,1,0,230,2176
1790533777,test,77,nocache,28.44,0.22,1.62,6%,307029,8,0,233,2240
1790533805,test,78,cache,0.16,0.03,0.12,98%,1,1,0,229,2240
1790533806,test,78,nocache,28.44,0.23,1.62,6%,307028,14,0,232,2176
1790533834,test,79,cache,0.16,0.04,0.12,99%,1,1,0,228,2176
1790533834,test,79,nocache,28.39,0.23,1.61,6%,307030,8,0,233,2236
1790533863,test,80,cache,0.16,0.03,0.12,99%,1,1,0,230,2240
1790533863,test,80,nocache,28.35,0.19,1.65,6%,307029,17,0,232,2236
1790533891,test,81,cache,0.17,0.03,0.13,98%,1,1,0,228,2240
1790533891,test,81,nocache,28.41,0.20,1.64,6%,307029,12,0,234,2240
1790533920,test,82,cache,0.17,0.03,0.14,98%,1,1,0,229,2240
1790533920,test,82,nocache,28.47,0.21,1.62,6%,307028,10,0,231,2240
1790533948,test,83,cache,0.16,0.03,0.12,98%,1,1,0,226,2176
1790533949,test,83,nocache,28.26,0.21,1.64,6%,307031,12,0,233,2240
1790533977,test,84,cache,0.16,0.03,0.12,98%,1,4,0,229,2240
1790533977,test,84,nocache,28.42,0.23,1.61,6%,307032,6,0,234,2240
1790534005,test,85,cache,0.16,0.03,0.12,99%,1,1,0,229,2240
1790534006,test,85,nocache,28.44,0.25,1.59,6%,307033,10,0,232,2236
1790534034,test,86,cache,0.16,0.03,0.12,98%,1,1,0,228,2176
1790534034,test,86,nocache,28.84,0.26,1.58,6%,307030,8,0,232,2240
1790534063,test,87,cache,0.16,0.03,0.13,99%,1,1,0,226,2176
1790534063,test,87,nocache,28.33,0.19,1.65,6%,307030,11,0,231,2176
1790534092,test,88,cache,0.16,0.03,0.12,98%,1,1,0,229,2240
1790534092,test,88,nocache,28.32,0.22,1.62,6%,307032,9,0,233,2176
1790534120,test,89,cache,0.16,0.03,0.12,99%,1,1,0,230,2240
1790534120,test,89,nocache,28.20,0.23,1.61,6%,307029,10,0,232,2176
1790534148,test,90,cache,0.16,0.03,0.12,99%,1,2,0,227,2236
1790534149,test,90,nocache,28.39,0.24,1.59,6%,307030,15,0,233,2240
1790534177,test,91,cache,0.16,0.02,0.13,98%,1,1,0,231,2240
1790534177,test,91,nocache,28.44,0.23,1.61,6%,307029,20,0,231,2084
1790534206,test,92,cache,0.16,0.04,0.11,99%,1,1,0,229,2240
1790534206,test,92,nocache,28.44,0.23,1.62,6%,307032,13,0,230,2240
1790534234,test,93,cache,0.16,0.05,0.11,98%,1,1,0,230,2240
1790534234,test,93,nocache,28.37,0.22,1.61,6%,307031,5,0,232,2240
1790534263,test,94,cache,0.16,0.03,0.13,98%,1,1,0,231,2240
1790534263,test,94,nocache,28.46,0.24,1.61,6%,307030,17,0,232,2240
1790534291,test,95,cache,0.16,0.03,0.13,98%,1,1,0,230,2240
1790534292,test,95,nocache,28.50,0.22,1.62,6%,307030,9,0,231,2240
1790534320,test,96,cache,0.16,0.03,0.12,98%,1,1,0,226,2240
1790534320,test,96,nocache,28.27,0.24,1.61,6%,307030,7,0,231,2240
1790534349,test,97,cache,0.16,0.03,0.13,98%,1,1,0,227,2176
1790534349,test,97,nocache,28.44,0.23,1.62,6%,307029,12,0,231,2240
1790534377,test,98,cache,0.16,0.02,0.13,99%,1,1,0,230,2240
1790534377,test,98,nocache,28.43,0.21,1.64,6%,307029,9,0,233,2304
1790534406,test,99,cache,0.16,0.03,0.13,98%,1,1,0,230,2176
1790534406,test,99,nocache,30.24,0.22,1.62,6%,307028,9,0,232,2240
1790534436,test,100,cache,0.16,0.02,0.12,98%,1,1,0,227,2240
1790534436,test,100,nocache,27.53,0.21,1.63,6%,307029,5,0,231,2236
1790534464,test,101,cache,0.16,0.03,0.12,99%,1,1,0,227,2240
1790534464,test,101,nocache,27.72,0.23,1.59,6%,307031,9,0,230,2240
1790534492,test,102,cache,0.16,0.03,0.13,98%,1,1,0,229,2240
1790534492,test,102,nocache,27.71,0.25,1.57,6%,307028,7,0,234,2240
1790534520,test,103,cache,0.16,0.03,0.13,98%,1,1,0,229,2240
1790534520,test,103,nocache,27.85,0.24,1.60,6%,307028,13,0,233,2240
1790534548,test,104,cache,0.16,0.02,0.13,98%,1,1,0,229,2240
1790534548,test,104,nocache,27.89,0.23,1.61,6%,307030,13,0,234,2176
1790534576,test,105,cache,0.15,0.03,0.12,100%,1,3,0,227,2176
1790534576,test,105,nocache,27.99,0.21,1.63,6%,307028,12,0,231,2240
1790534604,test,106,cache,0.16,0.04,0.12,98%,1,1,0,227,2236
1790534604,test,106,nocache,27.74,0.24,1.60,6%,307030,14,0,231,2240
1790534632,test,107,cache,0.16,0.02,0.13,98%,1,1,0,228,2240
1790534632,test,107,nocache,28.08,0.23,1.61,6%,307028,11,0,231,2240
1790534660,test,108,cache,0.16,0.04,0.12,99%,1,1,0,228,2240
1790534660,test,108,nocache,27.90,0.18,1.66,6%,307028,8,0,231,2236
1790534688,test,109,cache,0.16,0.02,0.13,99%,1,1,0,229,2176
1790534688,test,109,nocache,28.22,0.24,1.60,6%,307031,8,0,232,2240
1790534717,test,110,cache,0.16,0.04,0.12,98%,1,2,0,230,2240
1790534717,test,110,nocache,27.88,0.20,1.63,6%,307029,8,0,232,2304
1790534745,test,111,cache,0.16,0.03,0.12,98%,1,1,0,230,2240
1790534745,test,111,nocache,27.74,0.20,1.63,6%,307030,6,0,232,2240
1790534773,test,112,cache,0.16,0.03,0.12,98%,1,1,0,230,2176
1790534773,test,112,nocache,27.70,0.23,1.60,6%,307029,11,0,231,2240
1790534801,test,113,cache,0.16,0.04,0.12,99%,1,2,0,228,2236
1790534801,test,113,nocache,27.88,0.25,1.59,6%,307031,9,0,231,2240
1790534829,test,114,cache,0.16,0.03,0.12,100%,1,1,0,231,2240
1790534829,test,114,nocache,27.87,0.24,1.60,6%,307028,9,0,232,2240
1790534857,test,115,cache,0.16,0.02,0.13,99%,1,1,0,226,2176
1790534857,test,115,nocache,27.89,0.22,1.60,6%,307029,8,0,231,2176
1790534885,test,116,cache,0.16,0.02,0.13,98%,1,1,0,227,2240
1790534885,test,116,nocache,27.81,0.22,1.61,6%,307030,13,0,233,2240
1790534913,test,117,cache,0.16,0.04,0.12,99%,1,1,0,228,2240
1790534913,test,117,nocache,27.84,0.23,1.60,6%,307029,6,0,233,2240
1790534941,test,118,cache,0.15,0.03,0.12,99%,1,1,0,227,2176
1790534941,test,118,nocache,27.84,0.25,1.58,6%,307028,15,0,232,2240
1790534969,test,119,cache,0.16,0.03,0.12,100%,1,1,0,227,2176
1790534969,test,119,nocache,27.63,0.22,1.61,6%,307030,11,0,231,2236
1790534997,test,120,cache,0.15,0.04,0.11,98%,1,1,0,230,2240
1790534997,test,120,nocache,27.83,0.20,1.63,6%,307029,14,0,231,2176
1790535025,test,121,cache,0.16,0.03,0.12,98%,1,1,0,227,2176
1790535025,test,121,nocache,27.86,0.25,1.59,6%,307028,12,0,230,2240
1790535053,test,122,cache,0.17,0.04,0.12,98%,1,1,0,229,2240
1790535053,test,122,nocache,28.28,0.21,1.63,6%,307029,10,0,232,2240
1790535081,test,123,cache,0.16,0.02,0.13,99%,1,1,0,231,2240
1790535081,test,123,nocache,27.86,0.21,1.62,6%,307029,8,0,232,2240
1790535109,test,124,cache,0.16,0.03,0.12,99%,1,1,0,229,2240
1790535109,test,124,nocache,27.80,0.23,1.62,6%,307031,12,0,231,2240
1790535137,test,125,cache,0.16,0.03,0.12,99%,1,1,0,227,2240
1790535137,test,125,nocache,27.65,0.23,1.61,6%,307029,9,0,230,2236
1790535165,test,126,cache,0.16,0.03,0.12,98%,1,3,0,231,2240
1790535165,test,126,nocache,28.00,0.19,1.65,6%,307030,11,0,234,2240
1790535193,test,127,cache,0.16,0.04,0.12,98%,1,2,0,230,2176
1790535193,test,127,nocache,27.89,0.28,1.55,6%,307029,11,0,231,2240
1790535221,test,128,cache,0.16,0.04,0.12,99%,1,1,0,231,2240
1790535221,test,128,nocache,27.83,0.22,1.62,6%,307031,15,0,233,2240
1790535249,test,129,cache,0.16,0.02,0.13,99%,1,1,0,230,2240
1790535249,test,129,nocache,28.05,0.22,1.62,6%,307029,7,0,232,2240
1790535277,test,130,cache,0.16,0.03,0.12,98%,1,1,0,229,2240
1790535278,test,130,nocache,27.90,0.22,1.62,6%,307031,11,0,233,2240
1790535306,test,131,cache,0.16,0.04,0.12,99%,1,1,0,228,2240
1790535306,test,131,nocache,27.98,0.25,1.59,6%,307029,9,0,233,2240
1790535334,test,132,cache,0.16,0.03,0.12,98%,1,1,0,229,2176
1790535334,test,132,nocache,27.63,0.19,1.63,6%,307032,13,0,230,2176
1790535362,test,133,cache,0.16,0.03,0.13,100%,1,1,0,230,2240
1790535362,test,133,nocache,27.88,0.22,1.62,6%,307028,9,0,230,2236
1790535390,test,134,cache,0.16,0.03,0.12,98%,1,1,0,231,2240
1790535390,test,134,nocache,27.88,0.18,1.65,6%,307030,17,0,234,2240
1790535418,test,135,cache,0.16,0.03,0.13,98%,1,1,0,227,2176
1790535418,test,135,nocache,28.21,0.18,1.65,6%,307028,14,0,234,2240
1790535446,test,136,cache,0.16,0.03,0.12,98%,1,2,0,229,2176
1790535446,test,136,nocache,28.30,0.21,1.62,6%,307029,5,0,236,2240
1790535475,test,137,cache,0.17,0.03,0.13,98%,1,1,0,230,2240
1790535475,test,137,nocache,27.77,0.20,1.63,6%,307030,8,0,230,2240
1790535502,test,138,cache,0.15,0.02,0.12,98%,1,1,0,228,2240
1790535503,test,138,nocache,27.68,0.24,1.59,6%,307033,17,0,232,2240
1790535530,test,139,cache,0.16,0.04,0.12,98%,1,1,0,230,2240
1790535531,test,139,nocache,27.88,0.21,1.63,6%,307028,4,0,233,2240
1790535558,test,140,cache,0.15,0.03,0.11,98%,1,1,0,229,2240
1790535559,test,140,nocache,27.78,0.20,1.62,6%,307031,8,0,233,2240
1790535586,test,141,cache,0.16,0.03,0.12,100%,1,1,0,227,2176
1790535587,test,141,nocache,27.53,0.22,1.60,6%,307036,14,0,233,2240
1790535614,test,142,cache,0.16,0.03,0.12,98%,1,1,0,229,2236
1790535614,test,142,nocache,27.86,0.22,1.60,6%,307029,16,0,229,2176
1790535642,test,143,cache,0.16,0.03,0.12,98%,1,1,0,227,2176
1790535642,test,143,nocache,27.67,0.23,1.60,6%,307029,10,0,233,2240
1790535670,test,144,cache,0.16,0.03,0.12,98%,1,1,0,233,2240
1790535670,test,144,nocache,27.87,0.22,1.60,6%,307029,4,0,234,2240
1790535698,test,145,cache,0.16,0.03,0.12,99%,1,1,0,227,2240
1790535698,test,145,nocache,27.76,0.21,1.63,6%,307030,11,0,230,2176
1790535726,test,146,cache,0.16,0.04,0.11,98%,1,1,0,228,2240
1790535726,test,146,nocache,28.00,0.20,1.62,6%,307028,6,0,237,2240
1790535754,test,147,cache,0.16,0.04,0.11,98%,1,1,0,227,2240
1790535754,test,147,nocache,27.91,0.20,1.63,6%,307030,12,0,232,2236
1790535782,test,148,cache,0.16,0.03,0.12,98%,1,1,0,228,2240
1790535782,test,148,nocache,27.76,0.21,1.61,6%,307032,6,0,229,2176
1790535810,test,149,cache,0.16,0.03,0.12,98%,1,1,0,227,2176
1790535810,test,149,nocache,28.48,0.20,1.64,6%,307030,7,0,234,2240
1790535839,test,150,cache,0.16,0.03,0.13,98%,1,1,0,230,2240
1790535839,test,150,nocache,27.89,0.22,1.61,6%,307028,10,0,230,2240
